<?xml version="1.0" encoding="utf-8" standalone="yes" ?>
<?xml-stylesheet type="text/xsl" href="modx.prosilver.en.xsl"?>
<!--For security purposes, please check: http
://www.phpbb.com/mods/ for the latest version of this MOD. Although MODs are checked before being allowed in the MODs Database there is no guarantee that there are no security problems within the MOD. No support will be given for MODs not found within the MODs Database which can be found at http://www.phpbb.com/mods/-->
<mod xmlns:xsi="http://www.w3.org/2001/XMLSchema-instance" xmlns="http://www.phpbb.com/mods/xml/modx-1.2.5.xsd">
	<header>
		<license>http://opensource.org/licenses/gpl-license.php GNU General Public License v2</license>
		<title lang="en">ACP Announcement Centre - Subsilver 2 changes</title>
		<description lang="en">Adds an Announcement Box to the Index Page. Features: 
- Enable/Disable Announcement 
- (Guest) Announcement Preview 
- BBCode/Smilie enabled Announcements 
- Possibility to show different Announcements to Guest users 
- Possibility to show birthdays as announcements (display of avatars possible) 
- Option to show Announcements to Guests only, group(s) only or everyone 
- (Guest) Announcement Title configurable 
- Option to show pages on all pages or on index page only ...  and more :) </description>
		<author-notes lang="en">Many thanks to Frost for the cool birthday images! </author-notes>
		<author-group>
			<author>
				<realname>Heiko Carstens</realname>
				<email>lefty@lefty74.com</email>
				<username>lefty74</username>
				<homepage>http://www.lefty74.com</homepage>
			</author>
		</author-group>
		<mod-version>1.2.5</mod-version>
		<installation>
			<level>easy</level>
			<time>300</time>
			<target-version>3.0.9</target-version>
		</installation>
		<link-group>
			<link type="parent" href="../install.xml" lang="en">Main Install file</link>
		</link-group>
	</header>
	<action-group>
		<copy>
			<file from="root/styles/subsilver2/imageset/birthday.png" to="styles/subsilver2/imageset/birthday.png"/>
			<file from="root/styles/subsilver2/template/announcement_centre.html" to="styles/subsilver2/template/announcement_centre.html"/>
			<file from="root/styles/subsilver2/template/announcement_smilies.html" to="styles/subsilver2/template/announcement_smilies.html"/>
			<file from="root/styles/subsilver2/template/mcp_announcement_centre.html" to="styles/subsilver2/template/mcp_announcement_centre.html"/>
		</copy>
		<open src="styles/subsilver2/template/overall_header.html">
	     <edit>
	        <find><![CDATA[	<div id="datebar">
			<table width="100%" cellspacing="0">
]]></find>
	        <action type="before-add"><![CDATA[<!-- INCLUDE announcement_centre.html -->

]]></action>
	      </edit>
		</open>
	</action-group>
</mod>
